aint	ain't	balanced
arent	aren't	balanced
cant	can't	strong
couldnt	couldn't	balanced
didnt	didn't	balanced
doesnt	doesn't	balanced
dont	don't	balanced
everyones	everyone's	balanced
hasnt	hasn't	balanced
havent	haven't	balanced
hed	he'd	balanced
heres	here's	balanced
im	I'm	balanced
isnt	isn't	balanced
itd	it'd	balanced
itll	it'll	balanced
ive	I've	balanced
shouldnt	shouldn't	balanced
thats	that's	balanced
theres	there's	balanced
theyll	they'll	balanced
theyre	they're	balanced
theyve	they've	balanced
wasnt	wasn't	balanced
werent	weren't	balanced
weve	we've	balanced
whos	who's	balanced
wont	won't	strong
wouldnt	wouldn't	balanced
wouldve	would've	balanced
youd	you'd	balanced
youll	you'll	balanced
youre	you're	balanced
youve	you've	balanced
